<entities >
  <entity name="cu_studentapplication" displayname="Student Application" etc="10083" primaryidfield="cu_studentapplicationid" primarynamefield="cu_name" disableplugins="false">
    <fields>
      <field displayname="Name" name="cu_name" type="string" customfield="true" />
      <field displayname="Created On" name="createdon" type="datetime" />
      <field displayname="Created By (Delegate)" name="createdonbehalfby" type="entityreference" lookupType="systemuser" />
      <field displayname="Created By" name="createdby" type="entityreference" lookupType="systemuser" />
    </fields>
  </entity>
</entities>