
<entities xmlns:xsd="http://www.w3.org/2001/XMLSchema" xmlns:xsi="http://www.w3.org/2001/XMLSchema-instance" timestamp="2020-03-11T14:53:39.8794550Z">
  <entity name="cu_studentapplication" displayname="Student Application">
    <records>
      <record id="45b13fcd-7b62-ea11-a811-000d3a5a1f86">
        <field name="cu_name" value="Test Application" />
        <field name="createdon" value="2020-03-10T03:04:11.0000000Z" />
        <field name="createdby" value="0db1b2ee-f914-432d-8db1-8632f2e45877" lookupentity="systemuser" lookupentityname="Paul Breuler" />
      </record>
      <record id="a257b0d7-7b62-ea11-a811-000d3a5a1f86">
        <field name="cu_name" value="Test Application 2" />
        <field name="createdon" value="2020-03-10T03:04:23.0000000Z" />
        <field name="createdby" value="0db1b2ee-f914-432d-8db1-8632f2e45877" lookupentity="systemuser" lookupentityname="Paul Breuler" />
      </record>
    </records>
    <m2mrelationships />
  </entity>
</entities>