
<entities xmlns:xsd="http://www.w3.org/2001/XMLSchema" xmlns:xsi="http://www.w3.org/2001/XMLSchema-instance" timestamp="2020-03-12T18:36:11.2321093Z">
  <entity name="cu_studentapplication" displayname="Student Application">
    <records>
      <record id="7588439f-c563-ea11-a811-000d3a5a1f86">
        <field name="createdby" value="0db1b2ee-f914-432d-8db1-8632f2e45877" lookupentity="systemuser" lookupentityname="Paul Breuler" />
        <field name="createdon" value="2020-03-11T18:25:12.0000000Z" />
        <field name="cu_applicationstatus" value="827100000" />
        <field name="cu_name" value="Test Application" />
        <field name="cu_studentapplicationid" value="7588439f-c563-ea11-a811-000d3a5a1f86" />
      </record>
      <record id="7788439f-c563-ea11-a811-000d3a5a1f86">
        <field name="createdby" value="0db1b2ee-f914-432d-8db1-8632f2e45877" lookupentity="systemuser" lookupentityname="Paul Breuler" />
        <field name="createdon" value="2020-03-11T18:25:12.0000000Z" />
        <field name="cu_applicationstatus" value="827100001" />
        <field name="cu_name" value="Test Application 2" />
        <field name="cu_studentapplicationid" value="7788439f-c563-ea11-a811-000d3a5a1f86" />
      </record>
    </records>
    <m2mrelationships />
  </entity>
</entities>