
<entities xmlns:xsd="http://www.w3.org/2001/XMLSchema" xmlns:xsi="http://www.w3.org/2001/XMLSchema-instance" timestamp="2020-03-10T03:06:43.6259092Z">
  <entity name="cu_studentapplication" displayname="Student Application">
    <records>
      <record id="45b13fcd-7b62-ea11-a811-000d3a5a1f86">
        <field name="cu_name" value="Test Application" />
      </record>
      <record id="a257b0d7-7b62-ea11-a811-000d3a5a1f86">
        <field name="cu_name" value="Test Application 2" />
      </record>
    </records>
    <m2mrelationships />
  </entity>
</entities>