
<entities xmlns:xsd="http://www.w3.org/2001/XMLSchema" xmlns:xsi="http://www.w3.org/2001/XMLSchema-instance" timestamp="2020-03-11T20:08:40.9143445Z">
  <entity name="coven_configuration" displayname="configuration">
    <records>
      <record id="8efcd8bf-c963-ea11-a811-000d3a579c85">
        <field name="createdby" value="81896478-01f9-4422-85e6-3a87e1040fc7" lookupentity="systemuser" lookupentityname="Paul Breuler" />
        <field name="createdon" value="2020-03-11T18:54:42.0000000Z" />
        <field name="coven_apiendpoint" value="https://vendor.api.contoso.com" />
        <field name="coven_name" value="Contoso Vendor API" />
      </record>
    </records>
    <m2mrelationships />
  </entity>
</entities>